{
  "feature_prefix": "basic",
  "model": "ridge",
  "seed": 42,
  "n_train": 1320,
  "n_val": 283,
  "n_test": 284,
  "input_dim": 29,
  "val_metrics": {
    "pearson": 0.6881167888641357,
    "spearman": 0.6221696769595847,
    "mae": 14.307465553283691,
    "rmse": 17.366757859901576,
    "r2": 0.4726939797401428
  },
  "test_metrics": {
    "pearson": 0.6476311087608337,
    "spearman": 0.6070755198851656,
    "mae": 14.816872596740723,
    "rmse": 18.093836861568274,
    "r2": 0.41905808448791504
  }
}