{
  "feature_prefix": "combined",
  "model": "svr",
  "seed": 42,
  "input_dim": 1309,
  "params": {
    "C": 10.0,
    "epsilon": 0.01,
    "gamma": "scale"
  },
  "val_metrics": {
    "pearson": 0.9639336027619185,
    "spearman": 0.9654744431814113,
    "mae": 2.373391244880036,
    "rmse": 3.4773560081132118,
    "r2": 0.9284489436584309
  },
  "test_metrics": {
    "pearson": 0.9576285042521495,
    "spearman": 0.9592234496288211,
    "mae": 2.458312861687479,
    "rmse": 3.7594084748115573,
    "r2": 0.91544533222583
  }
}