count,pearson,spearman,mae,rmse,r2
1489,0.9609501294014979,0.9579243060004442,2.5414666145063802,3.5821348833023188,0.9232316118979602
