{
  "feature_prefix": "esm",
  "model": "svr",
  "seed": 42,
  "input_dim": 1280,
  "params": {
    "C": 10.0,
    "epsilon": 0.01,
    "gamma": "scale"
  },
  "val_metrics": {
    "pearson": 0.941945857053138,
    "spearman": 0.9333049768914266,
    "mae": 3.0469112322256158,
    "rmse": 4.209788554777599,
    "r2": 0.8836644513714207
  },
  "test_metrics": {
    "pearson": 0.9457403728273972,
    "spearman": 0.9521136163018746,
    "mae": 3.1055308443568026,
    "rmse": 4.470349977255352,
    "r2": 0.8909116391887091
  }
}