{
  "feature_prefix": "esm",
  "model": "svr",
  "seed": 42,
  "input_dim": 320,
  "params": {
    "C": 10.0,
    "epsilon": 0.01,
    "gamma": "scale"
  },
  "val_metrics": {
    "pearson": 0.9468703314202516,
    "spearman": 0.9455956450286881,
    "mae": 2.9383564093958072,
    "rmse": 4.196166438892344,
    "r2": 0.8958106927203665
  },
  "test_metrics": {
    "pearson": 0.9371671329343741,
    "spearman": 0.93408565735373,
    "mae": 3.1728807716429435,
    "rmse": 4.53684164261248,
    "r2": 0.8768581152463902
  }
}