{
  "feature_prefix": "combined",
  "model": "xgb",
  "seed": 42,
  "input_dim": 1309,
  "params": {
    "n_estimators": 500,
    "max_depth": 5,
    "learning_rate": 0.05,
    "subsample": 0.8,
    "colsample_bytree": 0.8
  },
  "val_metrics": {
    "pearson": 0.9600142240524292,
    "spearman": 0.9582632848458744,
    "mae": 2.6100051403045654,
    "rmse": 3.6477019979745924,
    "r2": 0.9212670922279358
  },
  "test_metrics": {
    "pearson": 0.9559098482131958,
    "spearman": 0.9498493931906578,
    "mae": 2.7535152435302734,
    "rmse": 3.8178680650187022,
    "r2": 0.9127951860427856
  }
}