{
  "feature_prefix": "combined",
  "model": "svr",
  "seed": 42,
  "input_dim": 349,
  "params": {
    "C": 10.0,
    "epsilon": 0.01,
    "gamma": "scale"
  },
  "val_metrics": {
    "pearson": 0.9471704561807044,
    "spearman": 0.945741312651772,
    "mae": 2.917018497176531,
    "rmse": 4.186211082514623,
    "r2": 0.8963044821245045
  },
  "test_metrics": {
    "pearson": 0.9389076904091812,
    "spearman": 0.93716473391168,
    "mae": 3.1271257232262437,
    "rmse": 4.478747306539584,
    "r2": 0.8799915918083007
  }
}