{
  "feature_prefix": "combined",
  "model": "ridge",
  "seed": 42,
  "input_dim": 349,
  "params": {
    "alpha": 100.0
  },
  "val_metrics": {
    "pearson": 0.9422047138214111,
    "spearman": 0.9354353142047371,
    "mae": 3.1542017459869385,
    "rmse": 4.357737681504666,
    "r2": 0.8876327276229858
  },
  "test_metrics": {
    "pearson": 0.9370357990264893,
    "spearman": 0.9274690317083121,
    "mae": 3.3405802249908447,
    "rmse": 4.517290593557229,
    "r2": 0.8779171705245972
  }
}