{
  "feature_prefix": "esm",
  "model": "xgb",
  "seed": 42,
  "n_train": 1390,
  "n_val": 298,
  "n_test": 299,
  "input_dim": 320,
  "val_metrics": {
    "pearson": 0.9169712662696838,
    "spearman": 0.9020438878590884,
    "mae": 3.798577070236206,
    "rmse": 4.960747950980204,
    "r2": 0.8384577035903931
  },
  "test_metrics": {
    "pearson": 0.9278532266616821,
    "spearman": 0.9195998443388512,
    "mae": 3.904831647872925,
    "rmse": 5.1080369042935665,
    "r2": 0.8575693368911743
  }
}