{
  "feature_prefix": "basic",
  "model": "ridge",
  "seed": 42,
  "n_train": 1390,
  "n_val": 298,
  "n_test": 299,
  "input_dim": 29,
  "val_metrics": {
    "pearson": 0.7304845452308655,
    "spearman": 0.7089001934546408,
    "mae": 6.761563301086426,
    "rmse": 8.46486718386235,
    "r2": 0.5296380519866943
  },
  "test_metrics": {
    "pearson": 0.7702429294586182,
    "spearman": 0.7543708668059848,
    "mae": 6.933621406555176,
    "rmse": 8.636922805425263,
    "r2": 0.59279465675354
  }
}