{
  "feature_prefix": "esm",
  "model": "ridge",
  "seed": 42,
  "input_dim": 320,
  "params": {
    "alpha": 100.0
  },
  "val_metrics": {
    "pearson": 0.9389623403549194,
    "spearman": 0.9310930597370254,
    "mae": 3.265901565551758,
    "rmse": 4.475219098913076,
    "r2": 0.8814923763275146
  },
  "test_metrics": {
    "pearson": 0.9305510520935059,
    "spearman": 0.9187707287159365,
    "mae": 3.504997491836548,
    "rmse": 4.735444102422493,
    "r2": 0.8658409118652344
  }
}