{
  "feature_prefix": "basic",
  "model": "xgb",
  "seed": 42,
  "n_train": 1320,
  "n_val": 283,
  "n_test": 284,
  "input_dim": 29,
  "val_metrics": {
    "pearson": 0.7537001967430115,
    "spearman": 0.6335603274560527,
    "mae": 11.882604598999023,
    "rmse": 15.738742256371696,
    "r2": 0.5669228434562683
  },
  "test_metrics": {
    "pearson": 0.6969029307365417,
    "spearman": 0.6252106651439229,
    "mae": 13.06817626953125,
    "rmse": 17.117833775168425,
    "r2": 0.4800412058830261
  }
}