{
  "feature_prefix": "combined",
  "model": "ridge",
  "seed": 42,
  "input_dim": 1309,
  "params": {
    "alpha": 100.0
  },
  "val_metrics": {
    "pearson": 0.9637994766235352,
    "spearman": 0.9620922360904723,
    "mae": 2.5276288986206055,
    "rmse": 3.4734056177018844,
    "r2": 0.9286113977432251
  },
  "test_metrics": {
    "pearson": 0.9609500765800476,
    "spearman": 0.9579243060004442,
    "mae": 2.541466474533081,
    "rmse": 3.5821348152456136,
    "r2": 0.9232316017150879
  }
}