{
  "feature_prefix": "esm",
  "model": "svr",
  "seed": 42,
  "input_dim": 1280,
  "params": {
    "C": 10.0,
    "epsilon": 0.01,
    "gamma": "scale"
  },
  "val_metrics": {
    "pearson": 0.9630539162669117,
    "spearman": 0.964816395653814,
    "mae": 2.405532992837596,
    "rmse": 3.516889511749103,
    "r2": 0.9268127906426789
  },
  "test_metrics": {
    "pearson": 0.9567128255757771,
    "spearman": 0.9582326660256888,
    "mae": 2.497363932898255,
    "rmse": 3.7970615968679664,
    "r2": 0.9137431011528807
  }
}