count,pearson,spearman,mae,rmse,r2
1489,0.957628503002409,0.9592234496288211,2.458312937110372,3.759408543898722,0.9154453297534185
