{
  "feature_prefix": "basic",
  "model": "mlp",
  "seed": 42,
  "n_train": 1390,
  "n_val": 298,
  "n_test": 299,
  "input_dim": 29,
  "val_metrics": {
    "pearson": 0.8069201707839966,
    "spearman": 0.7527372361241895,
    "mae": 5.731037139892578,
    "rmse": 7.317284217209941,
    "r2": 0.648527204990387
  },
  "test_metrics": {
    "pearson": 0.8112446069717407,
    "spearman": 0.7940367213646259,
    "mae": 6.126389980316162,
    "rmse": 7.949900394991324,
    "r2": 0.6550002694129944
  }
}