{
  "feature_prefix": "esm",
  "model": "rf",
  "seed": 42,
  "n_train": 1390,
  "n_val": 298,
  "n_test": 299,
  "input_dim": 320,
  "val_metrics": {
    "pearson": 0.8985520425926139,
    "spearman": 0.8862166143366922,
    "mae": 4.315182566235433,
    "rmse": 5.555527255112911,
    "r2": 0.7973986003613691
  },
  "test_metrics": {
    "pearson": 0.9081751644064022,
    "spearman": 0.9045951283588979,
    "mae": 4.551809033207601,
    "rmse": 5.887890220619284,
    "r2": 0.810759200359278
  }
}